{
 "root": [
  {
   "info": {
    "kcam": {
     "matrix": [
      [
       705.407958984375,
       0.0,
       320.0
      ],
      [
       0.0,
	   -940.5439453125,
       240.0
      ],
      [
       0.0,
       0.0,
       1.0
      ]
     ],
     "undist_coeff": []
    },
    "depth_scale": 0.00019999999494757503,
    "depth_bias": 0.0,
    "depth_max": 16000.0,
    "rt_cam": {
     "matrix": [
      [
       0.9369193911552429,
       -0.0443035326898098,
       0.3467264473438263,
       1.2323660850524902
      ],
      [
       -9.74738668446662e-07,
       0.9919348359107971,
       0.126748725771904,
       -0.3439064621925354
      ],
      [
       -0.3495454490184784,
       -0.11875367164611816,
       0.929362952709198,
       -4.278018951416016
      ],
      [
       0.0,
       -0.0,
       -0.0,
       1.0
      ]
     ]
    },
    "timestamp": 45.75
   },
   "depth_image": "frame_01464_depth.png",
   "rgb_image": "frame_01464_rgb.png"
  },
  {
   "info": {
    "kcam": {
     "matrix": [
      [
       705.407958984375,
       0.0,
       320.0
      ],
      [
       0.0,
       -940.5439453125,
       240.0
      ],
      [
       0.0,
       0.0,
       1.0
      ]
     ],
     "undist_coeff": []
    },
    "depth_scale": 0.00019999999494757503,
    "depth_bias": 0.0,
    "depth_max": 16000.0,
    "rt_cam": {
     "matrix": [
      [
       0.9360369443893433,
       -0.04347997531294823,
       0.34920525550842285,
       1.2323662042617798
      ],
      [
       -1.0382414075138513e-05,
       0.9923340678215027,
       0.1235845610499382,
       -0.343906432390213
      ],
      [
       -0.35190173983573914,
       -0.11568333953619003,
       0.9288609027862549,
       -4.278018951416016
      ],
      [
       0.0,
       -0.0,
       -0.0,
       1.0
      ]
     ]
    },
    "timestamp": 45.78125
   },
   "depth_image": "frame_01465_depth.png",
   "rgb_image": "frame_01465_rgb.png"
  },
  {
   "info": {
    "kcam": {
     "matrix": [
      [
       705.407958984375,
       0.0,
       320.0
      ],
      [
       0.0,
       -940.5439453125,
       240.0
      ],
      [
       0.0,
       0.0,
       1.0
      ]
     ],
     "undist_coeff": []
    },
    "depth_scale": 0.00019999999494757503,
    "depth_bias": 0.0,
    "depth_max": 16000.0,
    "rt_cam": {
     "matrix": [
      [
       0.9351872801780701,
       -0.04263446480035782,
       0.3515779972076416,
       1.2323662042617798
      ],
      [
       -1.3413280612439848e-05,
       0.9927231073379517,
       0.12041927129030228,
       -0.343906432390213
      ],
      [
       -0.3541536033153534,
       -0.11261928081512451,
       0.9283814430236816,
       -4.278018951416016
      ],
      [
       0.0,
       -0.0,
       -0.0,
       1.0
      ]
     ]
    },
    "timestamp": 45.8125
   },
   "depth_image": "frame_01466_depth.png",
   "rgb_image": "frame_01466_rgb.png"
  },
  {
   "info": {
    "kcam": {
     "matrix": [
      [
       705.407958984375,
       0.0,
       320.0
      ],
      [
       0.0,
       -940.5439453125,
       240.0
      ],
      [
       0.0,
       0.0,
       1.0
      ]
     ],
     "undist_coeff": []
    },
    "depth_scale": 0.00019999999494757503,
    "depth_bias": 0.0,
    "depth_max": 16000.0,
    "rt_cam": {
     "matrix": [
      [
       0.9343321323394775,
       -0.04178114980459213,
       0.3539459705352783,
       1.2323662042617798
      ],
      [
       -8.768392945057712e-06,
       0.9931021332740784,
       0.11725275218486786,
       -0.343906432390213
      ],
      [
       -0.3564034402370453,
       -0.10955612361431122,
       0.9278868436813354,
       -4.278018951416016
      ],
      [
       0.0,
       -0.0,
       -0.0,
       1.0
      ]
     ]
    },
    "timestamp": 45.84375
   },
   "depth_image": "frame_01467_depth.png",
   "rgb_image": "frame_01467_rgb.png"
  },
  {
   "info": {
    "kcam": {
     "matrix": [
      [
       705.407958984375,
       0.0,
       320.0
      ],
      [
       0.0,
       -940.5439453125,
       240.0
      ],
      [
       0.0,
       0.0,
       1.0
      ]
     ],
     "undist_coeff": []
    },
    "depth_scale": 0.00019999999494757503,
    "depth_bias": 0.0,
    "depth_max": 16000.0,
    "rt_cam": {
     "matrix": [
      [
       0.9332700967788696,
       -0.0409700907766819,
       0.35683101415634155,
       1.2323662042617798
      ],
      [
       -6.2889002947486006e-06,
       0.9934712052345276,
       0.11408334225416183,
       -0.3439064025878906
      ],
      [
       -0.35917535424232483,
       -0.10647282004356384,
       0.9271767139434814,
       -4.278018951416016
      ],
      [
       0.0,
       -0.0,
       -0.0,
       1.0
      ]
     ]
    },
    "timestamp": 45.875
   },
   "depth_image": "frame_01468_depth.png",
   "rgb_image": "frame_01468_rgb.png"
  },
  {
   "info": {
    "kcam": {
     "matrix": [
      [
       705.407958984375,
       0.0,
       320.0
      ],
      [
       0.0,
       -940.5439453125,
       240.0
      ],
      [
       0.0,
       0.0,
       1.0
      ]
     ],
     "undist_coeff": []
    },
    "depth_scale": 0.00019999999494757503,
    "depth_bias": 0.0,
    "depth_max": 16000.0,
    "rt_cam": {
     "matrix": [
      [
       0.9315292239189148,
       -0.04031118005514145,
       0.36142539978027344,
       1.2323662042617798
      ],
      [
       -2.376915108470712e-05,
       0.9938308000564575,
       0.11090707033872604,
       -0.3439064025878906
      ],
      [
       -0.36366647481918335,
       -0.10332176834344864,
       0.9257814288139343,
       -4.278018951416016
      ],
      [
       0.0,
       -0.0,
       -0.0,
       1.0
      ]
     ]
    },
    "timestamp": 45.90625
   },
   "depth_image": "frame_01469_depth.png",
   "rgb_image": "frame_01469_rgb.png"
  },
  {
   "info": {
    "kcam": {
     "matrix": [
      [
       705.407958984375,
       0.0,
       320.0
      ],
      [
       0.0,
       -940.5439453125,
       240.0
      ],
      [
       0.0,
       0.0,
       1.0
      ]
     ],
     "undist_coeff": []
    },
    "depth_scale": 0.00019999999494757503,
    "depth_bias": 0.0,
    "depth_max": 16000.0,
    "rt_cam": {
     "matrix": [
      [
       0.9297667145729065,
       -0.039636678993701935,
       0.36600926518440247,
       1.2323662042617798
      ],
      [
       -2.585214315331541e-05,
       0.9941802024841309,
       0.10772962123155594,
       -0.34390637278556824
      ],
      [
       -0.3681492209434509,
       -0.10017287731170654,
       0.9243546724319458,
       -4.278018951416016
      ],
      [
       0.0,
       -0.0,
       -0.0,
       1.0
      ]
     ]
    },
    "timestamp": 45.9375
   },
   "depth_image": "frame_01470_depth.png",
   "rgb_image": "frame_01470_rgb.png"
  },
  {
   "info": {
    "kcam": {
     "matrix": [
      [
       705.407958984375,
       0.0,
       320.0
      ],
      [
       0.0,
       -940.5439453125,
       240.0
      ],
      [
       0.0,
       0.0,
       1.0
      ]
     ],
     "undist_coeff": []
    },
    "depth_scale": 0.00019999999494757503,
    "depth_bias": 0.0,
    "depth_max": 16000.0,
    "rt_cam": {
     "matrix": [
      [
       0.9279826283454895,
       -0.03894660994410515,
       0.3705824613571167,
       1.2323662042617798
      ],
      [
       -1.2537809197965544e-05,
       0.9945195317268372,
       0.10455109179019928,
       -0.34390637278556824
      ],
      [
       -0.37262341380119324,
       -0.09702624380588531,
       0.9228963851928711,
       -4.278018951416016
      ],
      [
       0.0,
       -0.0,
       -0.0,
       1.0
      ]
     ]
    },
    "timestamp": 45.96875
   },
   "depth_image": "frame_01471_depth.png",