{
	"rt_cam": {
		"matrix":
		[[0.9999969465389852, 0.0021642028582524466, 0.001192953768908673, -0.0006725910861426531],
		 [-0.0021630412289834707, 0.9999971861151411, -0.0009741737221317373, 0.00461625059212397],
		 [-0.0011950587216279975, 0.0009715903393438343, 0.9999988139227289, 0.0003954983040161578],
		 [0.0, 0.0, 0.0, 1.0]]
	},
	"kcam": {
		"matrix": [[544.47329, 0.0, 320.0],
				   [0.0, 544.47329, 240.0],
				   [0.0, 0.0, 1.0]],
		"is_radial_depth": false,
		"undist_coeff": []
	}
}
